Papercode,Title,Year,Reader,Relevant,ActiveHybSwarm,Evidence,Species,OrganismType,Nspecies,Nind,Nloci,Locations,Yearsofhyb,Markertype,Nhybridgen,Nbackcrossgen,Anthropogenic,Introduced,Disturbance,DataAvailable,DataLink,ContextSummary,Notes,
abdullah13,An improved swarm optimization for parameter estimation and biological model selection.,2013,Nathan,N,,,,,,,,,,,,,,,,,,,,
abdullah13,An improved swarm optimization for parameter estimation and biological model selection.,2013,Amanda,N,,,,,,,,,,,,,,,,,,,,
aguilee13,Adaptive radiation driven by the interplay of eco-evolutionary and landscape dynamics.,2013,Nathan,N? See contextsummary,,,,,,,,,,,,,,,,,,"Did not actually deal with cichlids, just ran computer models to predict whether a hybrid swarm was likely or not",,
aguilee13,Adaptive radiation driven by the interplay of eco-evolutionary and landscape dynamics.,2013,Amanda,Y,N,simulations (not using genetic data),Cichlids,fish,up to 5,up to 8000,NA,18,NA,NA,NA,NA,Y,N,Y,Y,https://onlinelibrary.wiley.com/doi/10.1111/evo.12008,"The authors explain in-depth what their understanding of what a hybrid swarm is and how the swarm would impact genetic diversity of the species (page 1299). They also state that they believe they are created at secondary contact (1300), but also that they're unlikely to occur. They don't add any citations for this writing.",,
aleksic18,"Anti-quorum sensing activity, toxicity in zebrafish (Danio rerio) embryos and phytochemical characterization of Trapa natans leaf extracts.",2018,Nathan,N,,,,,,,,,,,,,,,,,,,,
aleksic18,"Anti-quorum sensing activity, toxicity in zebrafish (Danio rerio) embryos and phytochemical characterization of Trapa natans leaf extracts.",2018,Amanda,N,,,,,,,,,,,,,,,,,,,,
alric15,Local human pressures influence gene flow in a hybridizing Daphnia species complex,2015,Teaghan,,,genetic,Daphnia,insect,2,N/A,8,3,~80,"Microsatellite, mtDNA, RFLP",,,Y,Y,Y,Y,doi: 10.5061/dryad.3pc7c,,"eutrophication has allowed for sucsessful establisment of D. galeata, however the introduction of this species did not result in a hybrid swarm. ",
alric15,Local human pressures influence gene flow in a hybridizing Daphnia species complex,2015,Amanda,Y,N,genetic,Daphnia,insect,2,"253 eggs, plus 39 ""reference clones"" which are from other lakes so i think the clones wouldn't count",8,3,~110 (first analysis went back to aprox. 1901),"Microsatellite, mtDNA, RFLP",F2,Didn't mention any,Y,Y,Y,Y,doi: 10.5061/dryad.3pc7c,"Authors simply state in the intro ""we show that extensive hybridization and introgression do not necessarily result in a large and homogenous hybrid swarm."" The daphnia in this study were created by multiple parentals (rather than just 1 indiv from each species making lots of hybrid babies, once) and that both species may have acted as either parent (males and females of both are creating hybrids, unlike Ben's dace, for example). They do say that conspecific mating was prefered when populations of both species were mostly equal and that they didn't see widespread introgression (of mitochondrial DNA) into either species. Looking at their q-values it seems like theres F1s and backcrosses, but I feel like that's difficult to judge with only 8 loci.",,
anttila00,Reciprocal hybrid formation of Spartina in San Francisco Bay.,2000,Nathan,Y,,genetic,Spartina,plant,2,208,544,13,~25,cpDNA haplotypes,F1+,F1+,Y,Y,Y,N,,They found evidence of a hybrid swarm between their focal species with a possible contribution from an unknown third,,
anttila00,Reciprocal hybrid formation of Spartina in San Francisco Bay,2000,Amanda,Y,Y,genetic,Spartina,plant,2,208,3,13,25,cpDNA haplotypes,F1,Many,Y,Y,Y,N,,They describe the hybrid swarm as having lots of backcrosses and very few/rare production of F1s,,
baek18,Draft genome sequence of wild Prunus yedoensis reveals massive inter-specific hybridization between sympatric flowering cherries.,2018,Amanda,Y,N,genetic,Prunus,plant,2,1,reference genome assembly,1,,SNP (long read sequencing),,,N,N,N,Y,Available on NCBI under the accession PJQY00000000 and SRP136962,"This paper is a published reference genome for a species of cherry tree. The authors use the genome to prove that the trees are similar genetically and likely the results of hybridization between two species a long time ago. They say that this genus of trees may end up as a hybrid swarm as they can hybridize with one another and flower at the same time, but did not state that there currently is a hybrid swarm with the Prunus genus. ",,
baek18,Draft genome sequence of wild Prunus yedoensis reveals massive inter-specific hybridization between sympatric flowering cherries.,2018,Nathan,Y,,genetic,Prunus,plant,2,1,whole genome,1,unclear,SNP,F1,NA,N,N,N,Y,The assembled sequences as well as sequence reads described in this studyhave been deposited in the National Center for Biotechnology andInformation (NCBI) under the accession PJQY00000000 [84] and SRP136962[85],This paper was primarily focused on creating the genome to provide context for the relationship between the hybrids and parentals.  They suggest their findings support the potential for hybridizaion to create a hybrid swarm on this island but did not test it,This paper meets the criteria (has the term in it) but may not be as useful as most of the others since the hybrid swarm is not necessarily the focus of the study,
bekkouche21,Modeling Nonlinear Dendritic Processing of Facilitation in a Dragonfly Target-Tracking Neuron.,2021,Nathan,N,,,,,,,,,,,,,,,,,,,,
bekkouche21,Modeling Nonlinear Dendritic Processing of Facilitation in a Dragonfly Target-Tracking Neuron.,2021,Jill,N,,,,,,,,,,,,,,,,,,,,
calfee20,Selection and hybridization shaped the rapid spread of African honey bee ancestry in the Americas.,2021,Nathan,N,,,,,,,,,,,,,,,,,,,,
calfee20,Selection and hybridization shaped the rapid spread of African honey bee ancestry in the Americas.,2021,Jill,N,,,,,,,,,,,,,,,,,,,,
campoy19,Ecophysiological differentiation between two invasive species of Carpobrotus competing under different nutrient conditions.,2019,Nathan,Y,,phenotypic,Carpobrotus,plant,2,320,NA,4,"unclear, as many as 400 years",NA,NA,NA,Y,Y,Y,Y,https://doi.org/10.6084/m9.figshare.9817139.v1,The authors used the focal species and their hybrid species (pre-determined to be a hybrid swarm) to determine if the hybrid would have a competitive advantage over its parents,,
campoy19,Ecophysiological differentiation between two invasive species of Carpobrotus competing under different nutrient conditions.,2019,Amanda,Y,Y,phenotypic,Carpobrotus,plant,2,320,NA,4,"potentially sinces the 1600s, likely at least by the late 1800s",NA,NA,NA,Y,Y,Y,Y,https://doi.org/10.6084/m9.figshare.9817139.v1,"The authors state that the literature describes their species complex as a hybrid swarm. They don't describe the term, but they are clearly in support of its use.",,
carrasquilla19,Spermathecal Filling in Aedes aegypti and Aedes albopictus: Effects of Female and Male Body Sizes and Species.,2019,Nathan,N,,,,,,,,,,,,,,,,,,,,
carrasquilla19,Spermathecal Filling in Aedes aegypti and Aedes albopictus: Effects of Female and Male Body Sizes and Species.,2019,Jill,N,,,,,,,,,,,,,,,,,,,,
carson89,NATURAL HYBRIDIZATION BETWEEN THE SYMPATRIC HAWAIIAN SPECIES DROSOPHILA SILVESTRIS AND DROSOPHILA HETERONEURA.,1989,Nathan,Y,,phenotypic,Drosophila,insect,2,4434,NA,7,NA,NA,F1,Few,Y,N,Y,N,,The authors found that their focal species did not form a hybrid swarm due to sexual selection acting against hybrids,,
carson89,NATURAL HYBRIDIZATION BETWEEN THE SYMPATRIC HAWAIIAN SPECIES DROSOPHILA SILVESTRIS AND DROSOPHILA HETERONEURA,1989,Amanda,Y,N,phenotypic,Drosophila,insect,2,4434,NA,7,NA,NA,F1,Few,Y,N,Y,N,,The authors state that their hybrid zone is in fact not a hybrid swarm - thus these recorded charactaristics shouldn't be included when taking a summary of what is described as a hybrid swarm. There system appears to have few F1s and backcrosses with asymmetrical introgression.,,It's an interesting contrast though! Because there are backcrosses in this system and yet the authors have classified this system as explicitly NOT a hybrid swarm
chafin19,Hybridization drives genetic erosion in sympatric desert fishes of western North America,2019,Kayleigh,,,genetic,Gila,fish,3,368,13538,21,,SNP,,,Y,N,Y,Y,https://doi.org/10.5061/dryad.d3q3220 ,,,
chafin19,Hybridization drives genetic erosion in sympatric desert fishes of western North America,2019,Amanda,Y,Y - at one site,genetic,Gila,fish,3,368,13538,21,unclear,SNP,F2+,BC1+,Y,N,Y,Y,https://doi.org/10.5061/dryad.d3q3220,"The authors directly describe their species complex as a hybrid swarm at one site, as it has only F2 hybrids and backcrosses with one species.",,
chen20,Structural insights into the histidine-containing phospho-transfer protein and receiver domain of sensor histidine kinase suggest a complex model in the two-component regulatory system in Pseudomonas aeruginosa.,2020,Nathan,N,,,,,,,,,,,,,,,,,,,,
chen20,Structural insights into the histidine-containing phospho-transfer protein and receiver domain of sensor histidine kinase suggest a complex model in the two-component regulatory system in Pseudomonas aeruginosa.,2020,Jill,N,,,,,,,,,,,,,,,,,,,,
coelho21,"Sex, Bugs and Rock 'n' Roll: Insects in Music Videos.",2021,Nathan,N,,,,,,,,,,,,,,,,,,,,
coelho21,"Sex, Bugs and Rock 'n' Roll: Insects in Music Videos.",2021,Jill,N,,,,,,,,,,,,,,,,,,,,
couchman96,Perlecan and basement membrane-chondroitin sulfate proteoglycan (bamacan) are two basement membrane chondroitin/dermatan sulfate proteoglycans in the Engelbreth-Holm-Swarm tumor matrix.,1996,Nathan,N,,,,,,,,,,,,,,,,,,,,
couchman96,Perlecan and basement membrane-chondroitin sulfate proteoglycan (bamacan) are two basement membrane chondroitin/dermatan sulfate proteoglycans in the Engelbreth-Holm-Swarm tumor matrix.,1996,Amanda,N,,,,,,,,,,,,,,,,,,,,
crystal16,Vegetative and Adaptive Traits Predict Different Outcomes for Restoration Using Hybrids,2016,Nathan,Y,Y,phenotypic,Juglans,plant,4,176,NA,17,100,NA,F2,F2,Y,Y,Y,N,,"The authors considered the focal species to already be in a hybrid swarm and determined that various traits were generally unique among parentals but that hybrids blur those lines, suggesting there is not significant selection on them","Some locations were listed generically as states, some as specific cities/towns","AM: authors state that hybrid swarms are ""characterized by high phenotypic variability among individuals with extremely diverse genotypes (Rhymer and Simberloff, 1996; Rieseberg and Carney, 1998, Soltis and Soltis, 2009)"" and that selection would prevent hybrid swarms from occuring as selection reduces genetic variability"
crystal16,Vegetative and Adaptive Traits Predict Different Outcomes for Restoration Using Hybrids.,2016,Jill,Y,,phenotypic,Juglans,plant,4,176,NA,17,since 1916,NA,F1+ described in past,backcrosses described in past,Y,Y,Y,N,,Hybrid swarm fits best with current information,,
curto17,Genetic diversity and differentiation patterns in Micromeria from the Canary Islands are congruent with multiple colonization dynamics and the establishment of species syngameons.,2017,Nathan,Y? see contextsummary,,genetic,Micromeria,plant,22,945,15,196,unknown,microsatellite,NA,NA,N,N,N,Y,http://www.demiurge-project.org/matrix_digests/D-NMICR-105,"Mentions hybrid swarm twice in the background but never again.  The abstract conclusion states that ""the emergence of new islandspromotes multiple colonization events, contributing to the establishment of hybrid swarms that may enhance adaptiveability and radiation events"" but I am not sure how relevant that is to this project",,
curto17,Genetic diversity and differentiation patterns in Micromeria from the Canary Islands are congruent with multiple colonization dynamics and the establishment of species syngameons.,2017,Amanda,Y,Y,,Micromeria,plant,21 (one of the listed 'species' is a hybrid cross),945,15,196,unknown,microsatellite,NA,NA,N,N,N,Y,http://www.demiurge-project.org/matrix_digests/D-NMICR-106,They do describe their system as a hybrid swarm. They don't go into detail as to why or expand upon the definition.,,
dai19,"Proteus faecis sp. nov., and Proteus cibi sp. nov., two new species isolated from food and clinical samples in China.",2019,Nathan,N,,,,,,,,,,,,,,,,,,,,
dai19,"Proteus faecis sp. nov., and Proteus cibi sp. nov., two new species isolated from food and clinical samples in China.",2019,Jill,N,,,,,,,,,,,,,,,,,,,,
danielson92,Establishment of a cell line from the EHS tumor: biosynthesis of basement membrane constituents and characterization of a hybrid proteoglycan containing heparan and chondroitin sulfate chains.,1992,Nathan,N,,,,,,,,,,,,,,,,,,,,
danielson92,Establishment of a cell line from the EHS tumor: biosynthesis of basement membrane constituents and characterization of a hybrid proteoglycan containing heparan and chondroitin sulfate chains.,1992,Amanda,N,,,,,,,,,,,,,,,,,,,,
dejaco16,Taxonomist’s Nightmare … Evolutionist’s Delight: An Integrative Approach Resolves Species Limits in Jumping Bristletails Despite Widespread Hybridization and Parthenogenesis,2016,Amanda,Y,N,"genetic, phenotypic",Machilis,insect,31,574,,105,,"mtDNA, nrDNA, AFLP",,,N,N,N,Y,https://datadryad.org/stash/dataset/doi:10.5061/dryad.tf7qr,"The authors describe 3 evolutionary scenarios that may have occured to give rise to the species we see today. One of these groups is described as a hybrid swarm. So a case of ""they're descended from a hybrid swarm, but not one currently"". ","""When two distantly related genomes fuse, hybrid swarms consisting of lineages with different admixture proportions can emerge (Cockayne 1926; Stebbins 1959; Seehausen 2004). Given available ecological-niche space, hybrid swarms can act as cradle of novel, highly adapted genotypes and are therefore discussed as potential precursors of adaptive radiations (Seehausen et al. 2003; Hudson et al. 2010; Genner and Turner 2012).""",
dejaco16,Taxonomist’s Nightmare … Evolutionist’s Delight: An Integrative Approach Resolves Species Limits in Jumping Bristletails Despite Widespread Hybridization and Parthenogenesis,2016,Nathan,Y,,"genetic, phenotypic",Machilis,insect,31,574,,105,,"mtDNA, nrDNA, AFLP",F1 or F2,"Present, but doesn't give generation",N,N,N,Y,http://dx.doi.org/10.5061/dryad.tf7qr,"They were primarily focused on species delimitation, and used the term hybrid swarm to describe them as a source of adaptive speciation",The number of species outlined in the abstract adds up to 32 buut the paper only describes 31,
dufresnes18,Phylogeography of Aegean green toads (Bufo viridis subgroup): continental hybrid swarm vs. insular diversification with discovery of a new island endemic,2018,Teaghan,Y,,genetic,Bufotes,amphibian,2,757,7,131,"Secondary contact, ""recent""","microsatellite, mtDNA, AFLP",,,Y,Y,N,Y,https://doi.org/10.1186/s12862-018-1179-0,,Study focused more on phylogentic tracing than hybridization ,
dufresnes18,Phylogeography of Aegean green toads (Bufo viridis subgroup): continental hybrid swarm vs. insular diversification with discovery of a new island endemic,2018,Nathan,Y,Y,genetic,Bufotes,amphibian,2,757,8,131,"Unclear but ""recent""","mtDNA, microsatellite, AFLP",NA,NA,Y,Y,N,Y,https://doi.org/10.5061/dryad.6qv8666,The two focal species of the study recently started hybridizing and formed a hybrid swarm.,,
dupuis15,Repeated Reticulate Evolution in North American Papilio machaon Group Swallowtail Butterflies,2015,Teaghan,,,"pheontypic, genetic",Papilio,insect,9,133,10,,,"Microsatellite, mtDNA",,,,,,,,,,
dupuis15,Repeated Reticulate Evolution in North American Papilio machaon Group Swallowtail Butterflies,2015,Nathan,Y,Y,"genetic, phenotypic",Papilio,insect,9,133,10,unclear,unclear,"Microsatellite, mtDNA",unclear (many generations),unclear (many generations),N,N,N,Y,Multiple DOIs: https://doi.org/10.1371/journal.pone.0141882.s001    https://doi.org/10.1371/journal.pone.0141882.s002     https://doi.org/10.1371/journal.pone.0141882.s003,The authors referred to a few of their focal species hybrids as being involved in a stable hybrid swarm.,"They discussed 9 ""species"" but were effectively working backward to determine if they were hybrids or not",
duszynka19,Transgenerational effects of inter-ploidy cross direction on reproduction and F2 seed development of Arabidopsis thaliana F1 hybrid triploids.,2019,Nathan,N,,,,,,,,,,,,,,,,,,,,
duszynka19,Transgenerational effects of inter-ploidy cross direction on reproduction and F2 seed development of Arabidopsis thaliana F1 hybrid triploids.,2019,Jill,N,,,,,,,,,,,,,,,,,,,,
duttmann22,Africanized honey bee population (Apis mellifera L. ) in Nicaragua: Forewing length and mitotype lineages,2022,Amanda,N,,,,,,,,,,,,,,,,,,,,
duttmann22,Africanized honey bee population (Apis mellifera L. ) in Nicaragua: Forewing length and mitotype lineages,2022,Jill,N,,,,,,,,,,,,,,,,,,Does not refernce hybrid swarm. Mentions swarms of bees and hybrids,,
eimanifar18,Population genomics and morphometric assignment of western honey bees (Apis mellifera L.) in the Republic of South Africa.,2018,Nathan,N,,,,,,,,,,,,,,,,,,,,
eimanifar18,Population genomics and morphometric assignment of western honey bees (Apis mellifera L.) in the Republic of South Africa.,2018,Jill,N,,,,,,,,,,,,,,,,,,,,
erickson20,"Unique genetic signatures of local adaptation over space and time for diapause, an ecologically relevant complex trait, in Drosophila melanogaster",2020,Teaghan,,,"Genetic, physiological",Drosophila,insect,1,2740,"10,000",14,1,SNP,,,Y,N,N,Y,https://doi.org/10.1371/journal.pgen.1009110,,"geographically distinct populations used to create an artificial hybrid swarm as a means of investigating the history of a behavioural trait (diapause), the paper does not focus on hybrids.",
erickson20,"Unique genetic signatures of local adaptation over space and time for diapause, an ecologically relevant complex trait, in Drosophila melanogaster",2020,Nathan,Y,Y,"Genetic, physiological",Drosophila,insect,1,2740,"10,000",14,<1? (experimental population),SNPs,F5+,unclear,Y,N,N,Y,Lots of supplementary figures but no link (above is link to paper),Authors created a hybrid swarm of Drosophila in a controlled environment and tested their fitness in a natural setting,,
escudie18,"FROGS: Find, Rapidly, OTUs with Galaxy Solution.",2018,Nathan,N,,,,,,,,,,,,,,,,,,,,
escudie18,"FROGS: Find, Rapidly, OTUs with Galaxy Solution.",2018,Jill,N,,,,,,,,,,,,,,,,,,,,
fernandez12,The evolution of a highly speciose group in a changing environment: are we witnessing speciation in the Ibera wetlands?,2012,Nathan,Y,,genetic,Ctenomys,mammal,3,354,12,27,NA,"mtDNA, microsatellites",unclear,unclear,N,N,N,Y,GenBank accessions JQ686014–JQ686050,"Determined that the persistence of their five focal lineages depends on the dynamics of their habitat.  If it is unstable, a hybrid swarm will likely halt speciation",,
fernandez12,The evolution of a highly speciose group in a changing environment: are we witnessing speciation in the Iberá wetlands?,2012,Amanda,Y,N,genetic,Ctenomys,mammal,3,354,12,27,NA,mtDNA and microsats,NA,NA,N,N,N,Y,https://onlinelibrary.wiley.com/doi/epdf/10.1111/j.1365-294X.2012.05598.x,"The authors state that this system is currently NOT a hybrid swarm, but that it could develop into one if environmental barriers that prevent gene flow between nascent species (formed from previous hybridization events?) are disturbed.",,
fitzpatrick07,Introduction history and habitat variation explain the landscape genetics of hybrid tiger salamanders.,2007,Nathan,Y,,"genetic, spatial",Ambystoma,amphibians,2,1671,8,85,70-80,mtDNA,NA,NA,Y,Y,Y,N,,"They found the focal native and introduced species have formed a hybrid swarm in California, which often possess predominantly introduced genotypes.",,
fitzpatrick07,Introduction history and habitat variation explain the landscape genetics of hybrid tiger salamanders,2007,Amanda,Y,Y,"genetic, spatial",Ambystoma,amphibian,2,1671,8,85,70-80,mtDNA,NA,NA,Y,Y,Y,Y,https://dx.doi.org/10.6084/m9.figshare.c.3293666,"The authors use the term hybrid swarm quite frequently throughout the paper. They seem to imply it means the same thing as hybrid zone, except that they use both terms to seemingly refer to different things on the top right of page 605. From this use and on lower left of 598, it seems that ""hybrid zone"" is stable, while ""hybrid swarm"" is expanding and threatening to cause genetic/demographic swamping of the species.",,
ganeshkumar14,Hybrid Ant Bee Algorithm for Fuzzy Expert System Based Sample Classification.,2014,Nathan,N,,,,,,,,,,,,,,,,,,,,
ganeshkumar14,Hybrid Ant Bee Algorithm for Fuzzy Expert System Based Sample Classification.,2014,Jill,N,,,,,,,,,,,,,,,,,,,,
glotzbecker16,Rapid movement and instability of an invasive hybrid swarm,2016,Kayleigh,,,"genetic, phenotypic",Cryprinella,fish,2,1078,7,47,13,"microsatellite, mtDNA",,,Y,Y,Y,Y,http://dx.doi.org/10.5061/dryad.s6k78 ,"""In certain cases, a hybrid swarm may develop within a hybrid zone, with populations that consist predominantly of hybrids, arising from backcrossing with parental types and mating among hybrids (Seehausen 2006).""",,
glotzbecker16,Rapid movement and instability of an invasive hybrid swarm,2016,Nathan,Y,Y,"genetic, phenotypic",Cyprinella,fish,2,1078,7,47,13,"microsatellite, mtDNA-RFLP",Unspecified (suggested to be later generation),Unspecified,Y,Y,Y,Y,http://dx.doi.org/10.5061/dryad.s6k78,The focal invasive and native species recently started hybridizing and created a hybrid swarm.,"1324 individuals from 2008 and 2011, 1078 from 2005",
haines19,Evidence for adaptive introgression of exons across a hybrid swarm in deer,2019,Kayleigh,,,genetic,Odocoileus,mammal,2,172,,3,8000,"SNP, microsatellite",,,N,N,N,Y,https://doi.org/10.6084/m9.figshare.9273248,"""When hybrids display similar fitness to one or both parents, hybrids may freely interbreed with other hybrids and parental populations, causing a hybrid swarm to form (Allendorf et al 2001)""",,
haines19,Evidence for adaptive introgression of exons across a hybrid swarm in deer,2019,Nathan,Y,Y,genetic,Odocoileus,mammal,2,172,9,3,8000,"mtDNA, microsatellite, SNPs",F2,F2,N,N,N,Y,https://doi.org/10.6084/m9.figshare.9273248,"The two focal deer species hybridized and created a hybrid swarm, which is maintained and limited through weak selection on various traits.","3 transects, all in Oregon",
hasselman14,Human disturbance causes the formation of a hybrid swarm between two naturally sympatric fish species,2014,Amanda,,Y,genetic,Alosa,fish,2,7006,15,64,"a long time at low levels, but potentially since 1953 bc of anthro disturb",microsatellite,Unclear,Many,Y,N,Y,Y,"doi:10.5061/dryad.8v0c3, doi:10.5061/dryad.ft48k",,,
hasselman14,Human disturbance causes the formation of a hybrid swarm between two naturally sympatric fish species,2014,Jill,Y,,genetic,Alosa,fish,2,7006,15,64,since 1953,microsatellite,,,Y,N,Y,Y,doi:10.5061/dryad.8v0c3 & doi:10.5061/dryad. ft48k,,21 loci to begin with but ended up using 15,
hauser17,"The evolution and diversification of the red oaks of the California Floristic Province (Quercus section Lobatae, series Agrifoliae).",2017,Nathan,Y,Y,"genetic, phenotypic",Quercus,plant,5,80,1939,29,unknown,SNP,NA,NA,N,N,N,Y,"Raw fastq sequence data are available on the GenBank Sequence Read Archive (SRA), project PRJNA376740","""Confirmed"" the existence of a hybrid swarm between two of their focal species",only 48 samples were used for both morphological and genetic analyses. 12 species were used in the study but only 2 form a hybrid swarm,
hauser17,"The evolution and diversification of the red oaks of the California Floristic Province (Quercus section Lobatae, series Agrifoliae).",2017,Jill,Y,,"genetic, phenotypic",Quercus,plant,5,80,1939,29,unclear,SNP,NA,NA,N,N,N,Y,GenBank PRJNA376740,"Authors ""confirmed the presence of a hybrid swarm""","They confirm the presence of a hybrid swarm but give no context on the types of hybrids they are referring to (i.e. F1, F2, BC, etc.)",
he16,MicroRNA-276 promotes egg-hatching synchrony by up-regulating brm in locusts.,2016,Nathan,N,,,,,,,,,,,,,,,,,,,,
he16,MicroRNA-276 promotes egg-hatching synchrony by up-regulating brm in locusts.,2016,Jill,N,,,,,,,,,,,,,,,,,,,,
henry07,Genetic basis for dosage sensitivity in Arabidopsis thaliana.,2007,Nathan,N,,,,,,,,,,,,,,,,,,,,
henry07,Genetic basis for dosage sensitivity in Arabidopsis thaliana.,2007,Amanda,N,,,,,,,,,,,,,,,,,,,,
herschgreen09,Tangled trios?: Characterizing a hybrid zone in Castilleja (Orobanchaceae).,2009,Nathan,Y,,"genetic, phenotypic",Castilleja,plant,3,372,342,2,NA,"nDNA, cpDNA, AFLP",1+,1+,N,N,N,N,,"Tested a hybrid swarm and found that the field-classified hybrids were in fact a fourth species, possibly of hybrid origin or not.",,
herschgreen09,Tangled trios? Characterizing a hybrid zone in Castilleja (Orobanchaceae),2009,Amanda,Y,Y,"genetic, phenotypic",Castilleja,plant,3,372,342,2,NA,cpDNA and AFLP,NA,NA,N,N,N,N,,"Briefly describes their system as a hybrid swarm on top right of 1525. Their baysian analyses show the putative hybrids as their own separate population, very distinct from the other three species, prompting the authors to suggest there may be input from a crypic taxon.",,
hindes16,Hybrid dynamics in delay-coupled swarms with mothership networks.,2016,Nathan,N,,,,,,,,,,,,,,,,,,,,
hindes16,Hybrid dynamics in delay-coupled swarms with mothership networks.,2016,Jill,N,,,,,,,,,,,,,,,,,,,,
hon19,Identifying a Gene Knockout Strategy Using a Hybrid of Simple Constrained Artificial Bee Colony Algorithm and Flux Balance Analysis to Enhance the Production of Succinate and Lactate in Escherichia Coli.,2019,Nathan,N,,,,,,,,,,,,,,,,,,,,
hon19,Identifying a Gene Knockout Strategy Using a Hybrid of Simple Constrained Artificial Bee Colony Algorithm and Flux Balance Analysis to Enhance the Production of Succinate and Lactate in Escherichia Coli.,2019,Jill,N,,,,,,,,,,,,,,,,,,,,
horsevad22,Beyond Bio-Inspired Robotics: How Multi-Robot Systems Can Support Research on Collective Animal Behavior.,2022,Nathan,N,,,,,,,,,,,,,,,,,,,,
horsevad22,Beyond Bio-Inspired Robotics: How Multi-Robot Systems Can Support Research on Collective Animal Behavior.,2022,Jill,N,,,,,,,,,,,,,,,,,,,,
hudson11,Rapid parallel adaptive radiations from a single hybridogenic ancestral population.,2011,Nathan,Y,,genetic,Coregonus,fish,6,479,1000,19,NA,"AFLPs, mtDNA",NA,NA,Y,N,Y,N,,They found evidence that the alpine whitefish came from a hybrid swarm of 2+ lineages,,
hudson11,Rapid parallel adaptive radiations from a single hybridogenic ancestral population,2011,Amanda,Y,N,genetic,Coregonus,fish,6,479,1114,46,NA,mtDNA and AFLP,NA,NA,Y,N,Y,Y,https://royalsocietypublishing.org/doi/suppl/10.1098/rspb.2010.0925,The authors state that this group is likely descendant from a hybrid swarm,,
hyun16,"Proteus cibarius sp. nov., a swarming bacterium from Jeotgal, a traditional Korean fermented seafood, and emended description of the genus Proteus.",2016,Nathan,N,,,,,,,,,,,,,,,,,,,,
hyun16,"Proteus cibarius sp. nov., a swarming bacterium from Jeotgal, a traditional Korean fermented seafood, and emended description of the genus Proteus.",2016,Jill,N,,,,,,,,,,,,,,,,,,,,
jacobs22,Immune function of the serosa in hemimetabolous insect eggs,2022,Nathan,N,,,,,,,,,,,,,,,,,,,,
jacobs22,Immune function of the serosa in hemimetabolous insect eggs,2022,Jill,N,,,,,,,,,,,,,,,,,,,,
jacquemyn16,The impact of hybridization on long-term persistence of polyploid Dactylorhiza species.,2016,Nathan,Y,,"genetic, phenotypic",Dactylorhiza,plant,2,249,?,3,unknown,AFLP,>F1,"Unknown, but present",N,N,N,N,,The focal species form a hybrid swarm at the sympatric site,They said there was only one individual that was certainly a later gen hybrid but most were seemingly early gen and/or unclear,
jacquemyn16,The impact of hybridization on long-term persistence of polyploid Dactylorhiza species,2016,Amanda,Y,Y,"genetic, phenotypic",Dactylorhiza,plant,2,249,129,1,NA,AFLP markers,F1,Likely early gens,N,N,N,Y,https://bsapubs.onlinelibrary.wiley.com/doi/10.3732/ajb.1600274,"The authors state that in previous research on this plant species by their group, there was no formation of a hybrid swarm as the hybrids were limited to F1s. This implies that hybrids need to be backcrossing with parentals for there to be a 'hybrid swarm' occuring.",,
janzen18,The breakdown of genomic ancestry blocks in hybrid lineages given a finite number of recombination sites.,2018,Nathan,N,,,,,,,,,,,,,,,,,,,This is a theory paper about hybrid swarms and does not looks at a specific hybrid swarm,
janzen18,The breakdown of genomic ancestry blocks in hybrid lineages given a finite number of recombination sites,2018,Amanda,N,,simulations (not using genetic data),,,2,,,,,,,,,,,,,"This study uses simulations to describe how recombination breaks down haplotypes in hybrid individuals. They describe the hybridization as being of 'hybrid swarm origin' but don't describe the term at all, aside from assuming there's only two species involved. I think this one should probably be excluded because it lacks any information that benefits our review.",,
keim89,Genetic analysis of an interspecific hybrid swarm of Populus: occurrence of unidirectional introgression.,1989,Nathan,Y,,"genetic, phenotypic",Populus,plant,2,NA,264,1,NA,RFLP,F1,F1,N,N,N,N,,Identified that the two focal species in this study formed a hybrid swarm and that backcrossing occurs with only one species and no F2+ wer found,,
keim89,Genetic analysis of an interspecific hybrid swarm of Populus: occurrence of unidirectional introgression.,1989,Amanda,Y,Y,"genetic, phenotypic",Populus,plant,2,40,264,1,NA,AFLP markers,F1,Only backcross with one parent species,N,N,N,N,,The authors directly state that their system is a hybrid swarm. They only found a few F1 hybrids but quite a few backcrosses with one of the parental species and no backcrosses with the other parental.,,
kirk04,Maternal effects and heterosis influence the fitness of plant hybrids,2004,Teaghan,,,"phenotypic, genetic",Senecio,plant,2,N/A,N/A,3,40,AFLP,,,N,N,N,N,doi: 10.1111/j.1469-8137.2005.01370.x ,,Data was mostly in regards to phenotype+tolerances of plants. Genetic data (in the form of AFLPs) was only used to identify hybrids vs parentals,
kirk04,Maternal effects and heterosis influence the fitness of plant hybrids,2004,Nathan,Y,Y,"phenotypic, genetic",Senecio,plant,2,See notes,NA,3,"23 (as of 2002, the last year of data collection)",AFLP,Only tested F1s,NA,N,N,N,N,,"Testing the relativ fitness of hybrids produced in a natural hybrid swarm, not testing to see if there is a hybrid swarm.","Different parental and hybrid plants were used for different experiments within this study and for some they used seeds and for others they used the plants, which makes it difficult to quantify Nind for our purposes.  The parental plants were taken from 500m and 300m from the hybrid zone from which the hybrids were collected.",
kim22,Plasmonic-magnetic nanorobots for SARS-CoV-2 RNA detection through electronic readout.,2022,Nathan,N,,,,,,,,,,,,,,,,,,,,
kim22,Plasmonic-magnetic nanorobots for SARS-CoV-2 RNA detection through electronic readout.,2022,Jill,N,,,,,,,,,,,,,,,,,,,,
knutson19,"Establishment, Hybridization, Dispersal, Impact, and Decline of Diorhabda spp. (Coleoptera: Chrysomelidae) Released for Biological Control of Tamarisk in Texas and New Mexico.",2019,Mat,,,phenotypic,Diorhabda,insect,3,449,,73,13,,,,Y,Y,Y,N,,,Introduced beetles used as biological controls were identified phenotypically with 89% hybrids,
knutson19,"Establishment, Hybridization, Dispersal, Impact, and Decline of Diorhabda spp. (Coleoptera: Chrysomelidae) Released for Biological Control of Tamarisk in Texas and New Mexico.",2019,Nathan,Y,Y,phenotypic,Diorhabda,insect,3,449,NA,73,7 years to year of publication (first observed in 2012),NA,"F1, mentioned that F2+exist but not IDed in their population",Known to exist but not explicitly in their population,Y,Y,Y,Y,"""Supplementary data are available at Environmental Entomology online.""",Found their three species do hybridize in the field and form a hybrid swarm.,,
kronauer11,Hybridization in East African swarm-raiding army ants.,2011,Nathan,N,,,,,,,,,,,,,,,,,,,Topic is relevant but the term is not in it,
kronauer11,Hybridization in East African swarm-raiding army ants.,2011,Amanda,N,,,,,,,,,,,,,,,,,,,,
lamont03,Anthropogenic disturbance promotes hybridization between Banksia species by altering their biology,2003,Teaghan,,,"genetic, phenotypic, behavioral",Banksia,Plant,2,49,N/A,262,N/A,AFLP,,,Y,N,Y,N,doi:10.1046/j.1420-9101.2003.00548.x,,Number of individuals is somewhat unclear (different between phenotypic and genetic data),
lamont03,Anthropogenic disturbance promotes hybridization between Banksia species by altering their biology,2003,Amanda,Y,Y,phenotypic,Banksia,Plant,2,"55 for phenotypic, 49 for genetic",290,262,N/A,AFLP,F1 and 'beyond',None - F1s are thought to be sterile,Y,N,Y,N,,"The authors explicitly say that their species form hybrid swarms, and define the term, by saying ""Only three populations could be considered hybrid swarms (i.e. beyond the F1 generation)"" but this means F2s, F3s, etc, as they believe the hybrids to be sterile and no backcrossing is occurring ",,
latch11,Hybrid swarm between divergent lineages of mule deer (Odocoileus hemionus),2011,Jill,Y,Y,genetic,Odocoileus,mammal,2,410,10,broad range (Oregon and Washington),~8000,"mtDNA, microsatellite",,,N,N,N,Y,"doi:10. 5061/dryad.hm2047nh & Genbank accessions FJ189203–FJ189249, FJ189298–FJ189323",,"They defined a hybrid swarm as: ""hybridization and introgression producing hybrids beyond the F1 generation""",
latch11,Hybrid swarm between divergent lineages of mule deer (Odocoileus hemionus),2011,Nathan,Y,,genetic,Odocoileus,mammal,2,410,10,unspecified (gathered from hunters opportunistically),~8000,"microsatellites, mtDNA","well beyond F1, mentioned F2",present,N,N,N,Y,doi:10.5061/dryad.hm2047nh,"Determined this population represents a hybrid swarm, with hybrids extending past F1",,
lavretsky19,Indetifying hybrids & the genomics of hybridization: Mallards & American black ducks of Eastern North America,2019,Kayleigh,,,genetic,Anas,bird,2,290,3200,7,100,SNP,,,Y,Y,Y,Y,https://doi.org/10.5061/dryad.060b8n9,"They say they did NOT find a hybrid swarm in this system, but define hybrid swarm: ""If hybridization has resulted in extensive gene flow between species, then we expect to find few, if any “pure” individuals, warranting one or both species to be considered a hybrid swarm. Alternatively, if sufficient isolating mechanisms have built up between the two species, then we expect the majority of samples to be assigned with high probability to their respective species or first-generation hybrids (F1), and little evidence of generational backcrosses (≥F2). Such a scenario would be consistent with the reinforcement hypothesis in which taxa retain species boundaries during secondary contact due to viability limitations of any potential hybrids (Servedio & Noor, 2003).""",Expansion of the mallard population is due to a combination of natural invaders and domestic ducks,
lavretsky19,Identifying hybrids & the genomics of hybridization: Mallards & American black ducks of Eastern North America.,2019,Nathan,Y,N,genetic,Anas,bird,2,290,3200,7,100,"mtDNA, SNP",F2?,F9,Y,Y,Y,Y,https://doi.org/10.5061/dryad.060b8n9,Did not find evidence to support hybrid swarm between these duck species despite observing extensive hybridization.  They say this is because it takes minimal backcrossing to make offspring closest to parental lineages again.,"Mallards are split into two groups, the native ducks and the ""game farm mallards"".  I am confused about the Nhybridgen and Nbackcrossgen answers",
lavretsky20,Assessing changes in genomic divergence following a century of human-mediated secondary contact among wild and captive-bred ducks,2020,Amanda,Y,Y,genetic,Anas,bird,6,69,2274,3,"~100, since 1920s",SNP,NA,NA,Y,Y,Y,Y,https://doi.org/10.5061/dryad.5mkkwh71v,"They pretty well confirm their system is a hybrid swarm, and also do say there's genetic swamping!! ""is on the cusp of becoming, or currently already represents, a true hybrid swarm.""","I got Nspecies and Locations from the S1 table, but used the numbers from results section 4.1 (after filtering) for Nloci and Nind because those were what was used in the analyses",
lavretsky20,Assessing changes in genomic divergence following a century of human-mediated secondary contact among wild and captive-bred ducks,2020,Kayleigh,,,genetic,Anas,bird,6,69,2274,3,100,SNP,,,Y,Y,Y,Y,https://doi.org/10.5061/dryad.5mkkwh71v,,,
leroy16,When virulence originates from nonagricultural hosts: evolutionary and epidemiological consequences of introgressions following secondary contacts in Venturia inaequalis.,2016,Nathan,Y,,genetic,Venturia,fungus,1,104,969,2,70,"AFLP, microsatellite",unclear,unclear,N,N,Y,N,,Found support for a hybrid swarm between agricultural and non-agricultural populations,Looked at gene flow between populations (agricultural and non-agricultural) rather than between species,
leroy16,When virulence originates from nonagricultural hosts: evolutionary and epidemiological consequences of introgressions following secondary contacts in Venturia inaequalis.,2016,Amanda,Y,Y,genetic,Venturia,fungus,"1 species, 2 strains",104,969,2,70,"AFLP, microsatellite",NA,NA,Y,Y,Y,N,,"The authors destinctly describe hybrid swarms twice!! Neither of which have citations!! ""A hybrid swarm – that is, a population of hybrids at least as vigorous as parental genotypes"" and ""Hybrid swarms are characterized by high genotypic and phenotypic variances because they are produced by admixture of divergent populations.""",,
li16,Long-term genetic consequences of secondary contact between two Vincetoxicum species (Apocynaceae-Asclepiadoideae),2016,Kayleigh,,,genetic,Vincetoxicum,plant,2,671,10,,,microsatellite,,,,,,Y,https://doi.org/10.5061/dryad.mg5rs,,,
li16,Long-term genetic consequences of secondary contact between two Vincetoxicum species (Apocynaceae-Asclepiadoideae),2016,Nathan,Y,Y,"genetic, phenotypic",Vincetoxicum,plant,2,671,10,7,unclear,microsatellite,NA,NA,N,N,N,Y,http://dx.doi.org/10.5061/dryad.mg5rs,Used two species known to hybridize to demonstrate how secondary contact can be facilitated by climatic oscillations,Phenotypic analyses were performed on 592 of the total individuals.  Hybrids were collected from 7 locations while parents were sampled from nearly their entire ranges,
liou94,Speciation by Reinforcement of Premating Isolation,1994,Nathan,N,,,,,,,,,,,,,,,,,,,Used computer simulations so there is no real system to discuss,
liou94,Speciation by Reinforcement of Premating Isolation,1994,Amanda,Y (only for definition of term),N,,,,,,,,,,,,,,,,,"This is another example of a paper where the authors hypothetically say that their system could become a hybrid swarm, but don't mention it again. In this paper, they state that if two populations hybridize, with one being common and the other rare, then either the rare population/species will go extinct or a hybrid swarm will form. So this is also another example of authors using hybid swarm to mean genetic swamping, and dancing around the terms genetic and demographic swamping. ",,
ma15,A Hybrid Method for Image Segmentation Based on Artificial Fish Swarm Algorithm and Fuzzy c-Means Clustering.,2015,Nathan,N,,,,,,,,,,,,,,,,,,,,
ma15,A Hybrid Method for Image Segmentation Based on Artificial Fish Swarm Algorithm and Fuzzy c-Means Clustering.,2015,Jill,N,,,,,,,,,,,,,,,,,,,,
ma22,"Metabacillus rhizolycopersici sp. nov., Isolated from the Rhizosphere Soil of Tomato Plants.",2022,Nathan,N,,,,,,,,,,,,,,,,,,,,
ma22,"Metabacillus rhizolycopersici sp. nov., Isolated from the Rhizosphere Soil of Tomato Plants.",2022,Jill,N,,,,,,,,,,,,,,,,,,,,
mallet98,ESTIMATING THE MATING BEHAVIOR OF A PAIR OF HYBRIDIZING HELICONIUS SPECIES IN THE WILD.,1998,Nathan,Y,N,phenotypic,Heliconius,insect,2,727,NA,18?,NA,NA,F1,F1,N,N,N,N,,"Determined there is no hybrid swarm between these two species, meaning there must be strong selection",,
mallet98,ESTIMATING THE MATING BEHAVIOR OF A PAIR OF HYBRIDIZING HELICONIUS SPECIES IN THE WILD.,1998,Amanda,N (but see context),,,,,,,,11,,,,,,,,,,"These authors only use the term hybrid swam to discuss the lack of hybrid swarm that they found in the wild. They took a bunch of eggs from the insects and brought them to the lab then tried crossing them. They found no strong selection against production of hybrids in the lab, but stated that because there's no hybrid swarm found in the wild, there must be some form of selection or reproductive barrier that exists in the wild to discourage formation of hybrids. So this sounds like another paper saying ""it could become a hybrid swarm, but isn't currently""",,
malukiewicz15,Natural and Anthropogenic Hybridization in Two Species of Eastern Brazilian Marmosets (Callithrix jacchus and C. penicillata),2015,Teaghan,,,genetic,Callithrix,mammal,2,192,44,17,N/A,Microsatellite,,,Y,Y,Y,Y,doi:10.1371/journal.pone.0127268,,"Marmoset hybridization in anthropogenic zones created a hybrid swarm, natural hybridization zones show a bimodal pattern of admixture",
malukiewicz15,Natural and Anthropogenic Hybridization in Two Species of Eastern Brazilian Marmosets (Callithrix jacchus and C. penicillata),2015,Amanda,Y,Y,genetic,Callithrix,mammal,2,191,44,17,,Microsatellite,F1 at least,Some,Y,Y,Y,Y,https://doi.org/10.1371/journal.pone.0127268.s001,,17 hybrid sampling sites -- they don't say how many sites they sampled for non-hybrids,
marczewski16,Why is population information crucial for taxonomy? A case study involving a hybrid swarm and related varieties.,2016,Nathan,Y,,phenotypic,Rhododendron,plant,2,142,NA,1,unclear,NA,"Mentioned F1, but did not say that is the latest generation",NA,N,N,N,N,,Used a known hybrid swarm to demonstrate that hybrid characteristics can vary and may be incorrectly assigned species status,They reference supporting documents with data but there is no functional link for it,
marczewski16,Why is population information crucial for taxonomy? A case study involving a hybrid swarm and related varieties.,2016,Amanda,Y,Y,phenotypic,Rhododendron,plant,2,137,NA,1,NA,NA,Unclear,unclear,N,N,N,N,,"Directly describe their system as a hybrid swarm. They don't distinctly categorize the amount of hybrids or backcrosses, but state that the majority of individuals examined have intermediate phenotypes. They also directly describe hybrid swarms, again with no citations!! ""Depending on different factors, the realized outcome can vary from only F1s to a hybrid swarm comprising a multitude of different hybrid classes""",,
martin16,The cryptic origins of evolutionary novelty: 1000-fold faster trophic diversification rates without increased ecological opportunity or hybrid swarm.,2016,Nathan,N,,,,,,,,,,,,,,,,,,,,
martin16,The cryptic origins of evolutionary novelty: 1000-fold faster trophic diversification rates without increased ecological opportunity or hybrid swarm.,2016,Amanda,N (but see context),,,,,,,,,,,,,,,,,,"This is another example of ""our system could have evolved from a hybrid swarm"". Really, what they're testing for is archaic introgression/past hybridization. But it's described as the ""hybrid swarm hypothesis""","Mentions ""the hybrid swarm hypothesis, which proposes that an in-flux of genetic diversity and novel allelic combinations after hybridization of distinct lineages (inter- or intraspecific), possibly including segregating postzygotic intrinsic incompatibilities, may trigger rapid diversification in an environment with abundant ecological opportunity (Seehausen 2004; Roy et al. 2015; Schumer et al. 2015)""",
mcdevitt09,Survival in the Rockies of an endangered hybrid swarm from diverged caribou (Rangifer tarandus) lineages,2009,Jill,Y,,"genetic, behavioural, spatial",Rangifer,mammal,2,223,11,12,potentially ~14000,"mtDNA, microsatellite",,,Y (possibly),N,N,N,,,Large geographic range (50000km2) used in study but ~12 more specific locations,
mcdevitt09,Survival in the Rockies of an endangered hybrid swarm from diverged caribou (Rangifer tarandus) lineages,2009,Nathan,Y,Y,"genetic, behavioural, spatial",Rangifer,mammal,2,223,11,12,up to 14000,"mtDNA, microsatellite",NA,NA,"""Possibly""",N,N,N,,"The two species have interbred extensively, creating a hybrid swarm",,
mcfarlane21,"Admixture mapping reveals loci for carcass mass in red deer x sika hybrids in Kintyre, Scotland",2021,Amanda,Y,Y,"genetic, phenotypic",Cervus,deer,2,386,53000,15,since 1800s,SNP,not quantified here -- hybrids and backcrosses exist but see McFarlane et al. 2020 for more details,,Y,Y,N,Y,https://figshare.com/projects/Admixture_mapping_reveals_loci_for_carcass_mass_in_red_deer_x_sika_hybrids_in_Kintyre_Scotland/112743,"""Hybrid swarm"" describes the study system. From the single cline of admixture proportions, it's obvious that there are more backcrosses than F1s, F2s etc, but hard to tell how many. ",,
mcfarlane21,"Admixture mapping reveals loci for carcass mass in red deer x sika hybrids in Kintyre, Scotland",2021,Nathan,Y,,"genetic, phenotypic",Cervus,mammal,2,386,53000,15,since 1800s,SNP,Unclear (mentioned that approximately 6-7 generations have passed since hybridization began),NA,Y,Y,N,Y,https://figshare.com/projects/Admixture_mapping_reveals_loci_for_carcass_mass_in_red_deer_x_sika_hybrids_in_Kintyre_Scotland/112743,The authors used a known hybrid swarm between the two focal species to test the effect of hybridization on body mass.,,
mcfarlane21b,Locus-specific introgression in young hybrid swarms: Drift may dominate selection.,2021,Nathan,Y,Y,genetic (talked about phenotypes but didn't measure phenotypes themselves?),Cervus,mammal,2,513,44997,15,since late 1800s,SNPs,Unclear,Unclear,Y,Y,N,Y,https://figshare.com/projects/Locus-specific_introgression_in_young_hybrid_swarms_drift_dominates_selection/76473,Used a hybrid swarm to test their hypothesis on selection in hybrids,,
mcfarlane21b,Locus-specific introgression in young hybrid swarms: Drift may dominate selection.,2021,Amanda,Y,,"genetic, phenotypic",Cervus,mammal,2,513,44997,15,since late 1800s/6-7 generations,SNP,Doesn't say,Doesn't say,Y,Y,N,Y,https://figshare.com/projects/Locus - speci fic_intro gress ion_in_young_hybrid_swarms_drift_domin ates_selection/76473,"Directly describes their study system as a hybrid swarm. However, this paper investigates genomic clines; previous work by McFarlane in the Pemberton lab describes generations of backcrosses and hybrids.",,
mende16,A comprehensive phylogeography of the Hyles euphorbiae complex (Lepidoptera: Sphingidae) indicates a 'glacial refuge belt',2016,Kayleigh,,,genetic ,Hyles,insect,2,898,12,,,"microsatellite, mtDNA",,,,,,,,,,
mende16,A comprehensive phylogeography of the Hyles euphorbiae complex (Lepidoptera: Sphingidae) indicates a ‘glacial refuge belt’,2016,Nathan,Y,N,genetic,Hyles,insect,2,898,12,43?,Unknown,"mtDNA, microsatellite",NA,NA,N,N,N,N,,The authors could not find enough evidence to support the belief that a hybrid swarm exists for these moths because of the low genetic separation between parentals and their limited markers,"Samples were collected for 43 populations, but it is unclear how many sampling sites they had .  Said they collected samples from ""from various localities covering virtually the entire Western Palaearctic distribution range of the HEC."" Determined that the variants could be grouped into two species, with numerous subgroups",
monzon14,Assessment of coyote-wolf-dog admixture using ancestry-informative diagnostic SNPs,2014,Jill,Y,,genetic,Canis,mammal,4,427,63,broad range,154-190,SNP,,,N,N,N,Y,doi:10.5061/dryad.1bh5q/1,,There was no specific sampling locations but sampling took place in Northeastern North America,
monzon14,Assessment of coyote-wolf-dog admixture using ancestry-informative diagnostic SNPs,2014,Nathan,Y,Y,genetic,Canis,mammal,4,427,63,Unclear,154-190,SNP,NA,NA,N,N,N,Y,doi:10.5061/dryad.1bh5q/1,Found that eastern coyotes form an extensive hybrid swarm and individuals tend to differ based on the availability of prey like deer (per selection),"Samples were collected in NE North America by convenience from multiple states, Algonquin Park, etc., so it is unclear exactly how many ""locations"" there are",
natola22,Population genomics of an emergent tri-species hybrid zone,2022,Amanda,Y,N,"genetic, phenotypic",Sphyrapicus,bird,3,251,50639,146,5,SNP,,,N,N,N,Y,https://doi.org/10.5061/dryad.prr4xgxpz,They state that their system is not a hybrid zone and that this is likely being maintained by selection and assortative mating,The two hybrid zones overlapped to form the tri-hybrid zone 5-15 years ago but there's no info on when the two separate hybrid zones began,
natola22,Population genomics of an emergent tri-species hybrid zone,2022,Jill,N,,"genetic, phenotypic",Sphyrapicus,bird,3,251,50639,146,trihybrid potentially ~5 years,SNP,,,N,N,N,Y,https://doi.org/10.5061/dryad.prr4xgxpz,Authors say there is no hybrid swarm,,
nielsen03,Evidence of a hybrid-zone in Atlantic cod (Gadus morhua) in the Baltic and the Danish Belt Sea revealed by individual admixture analysis.,2003,Nathan,Y,,genetic,Gadus,fish,1,870,9,9,NA,microsatellites,NA,NA,N,N,N,Y,10.1046/j.1365-294X.2003.01819.x,,,
nielsen03,Evidence of a hybrid-zone in Atlantic cod (Gadus morhua) in the Baltic and the Danish Belt Sea revealed by individual admixture analysis.,2003,Amanda,Y,Y,genetic,Gadus,fish,1,870,9,8,NA,microsatellites,NA,NA,N,N,N,Y,10.1046/j.1365-294X.2003.01819.x,"Authors describe their system (multiple populations of one species) as matching their simulated model of a hybrid swarm. They describe the hybrid swarm model as ""equal to a situation of random mating within the samples (hybridization)""",,
noguerales22,Genomic evidence of speciation by fusion in a recent radiation of grasshoppers,2022,Amanda,,,"genetic, phenotypic",Chorthippus,insect,8,"231 for morphological, subset of 77 for genomics",17598,14,1.4 million years,SNP,,,N,N,N,Y,ttps://doi.org/10.5061/dryad.fxpnvx0v1,,Didn't explicitly call the hybridization dynamics a hybrid swarm,
noguerales22,Genomic evidence of speciation by fusion in a recent radiation of grasshoppers,2022,Jill,Y,N,"genetic, phenotypic",Chorthippus,insect,8,"231, 77 for genetics",17598,14,1.4 millian years,SNP,,,N,N,N,Y,ttps://doi.org/10.5061/dryad.fxpnvx0v1,,Hybrid swarm not super important to overall paper,
opiro17,Genetic diversity and population structure of the tsetse fly Glossina fuscipes fuscipes (Diptera: Glossinidae) in Northern Uganda: Implications for vector control.,2017,Nathan,N,,,,,,,,,,,,,,,,,,,"They used a ""hybrid swarm model"" from a pre-existing program but did not use the term to specifically refer to their focal species (or any others)",
opiro17,Genetic diversity and population structure of the tsetse fly Glossina fuscipes fuscipes (Diptera: Glossinidae) in Northern Uganda: Implications for vector control.,2017,Amanda,Y,Y,genetic,Glossina,insect,1 species but 3 putative subspecies,4536,16 microsats and 1 mtDNA,42,NA,"microsatellite, mtDNA",NA,NA,N,N,N,,,"The authors state that their species has 3 subpopulations that essentially are acting like subspecies with geneflow still occuring between them. They show that their data is not significantly different from the HYBRIDLAB hybrid swarm model, which is basically them saying that their species seems similar to a hybrid swarm. In this case, it seems like they're describing a hybrid swarm as populations with tons of backcrossing (gene flow) between them.",,
pandi17,Cancer Detection in Microarray Data Using a Modified Cat Swarm Optimization Clustering Approach.,2018,Nathan,N,,,,,,,,,,,,,,,,,,,,
pandi17,Cancer Detection in Microarray Data Using a Modified Cat Swarm Optimization Clustering Approach.,2018,Jill,N,,,,,,,,,,,,,,,,,,,,
pinto05,Africanization in the United States: replacement of feral European honeybees (Apis mellifera L.) by an African hybrid swarm.,2005,Nathan,Y,,genetic,Apis,insect,2,428,12,?,NA,microsatellites,F1,F1,Y,? (they were introduced to Brazil and then spread to the USA on their own. Not sure if this counts),Y,N,,They found their focal species forms a hybrid swarm.,,
pinto05,Africanization in the United States: replacement of feral European honeybees (Apis mellifera L.) by an African hybrid swarm.,2005,Amanda ,Y,Y,genetic,Apis,insect,"1 species, 2 populations",428,12,Not fully described in this paper - refers to additional paper,50,microsatellites,F1,BC1 ,Y,Y,Y,N,,"The authors directly describe this as a hybrid swarm. They do cite a few papers when they mention that it could be a hybrid swarm, in the intro ""A third potential evolutionary outcome is expansion of an intermixed form within the resident progenitor’s habitat, in which case the degree of mixing between hybridizing forms may range from formation of a hybrid swarm to genetic assimilation of one form by the other (Childs et al. 1996; Rhymer and Simberloff 1996; Perry et al. 2001).""",,
pregitzer17,In Search for Pheromone Receptors: Certain Members of the Odorant Receptor Family in the Desert Locust Schistocerca gregaria (Orthoptera: Acrididae) Are Co-expressed with SNMP1.,2017,Nathan,N,,,,,,,,,,,,,,,,,,,,
pregitzer17,In Search for Pheromone Receptors: Certain Members of the Odorant Receptor Family in the Desert Locust Schistocerca gregaria (Orthoptera: Acrididae) Are Co-expressed with SNMP1.,2017,Jill,N,,,,,,,,,,,,,,,,,,,,
pregitzer19,A Subset of Odorant Receptors from the Desert Locust Schistocerca gregaria Is Co-Expressed with the Sensory Neuron Membrane Protein 1.,2019,Nathan,N,,,,,,,,,,,,,,,,,,,,
pregitzer19,A Subset of Odorant Receptors from the Desert Locust Schistocerca gregaria Is Co-Expressed with the Sensory Neuron Membrane Protein 1.,2019,Jill,N,,,,,,,,,,,,,,,,,,,,
qiao19,Genetic admixture accelerates invasion via provisioning rapid adaptive evolution.,2019,Mat,,,genetic,Spartina,plant,2,250,11,28,30,microsatellite,,,Y,Y,Y,Y,https://doi.org/10.5061/dryad.t384224,,,
qiao19,Genetic admixture accelerates invasion via provisioning rapid adaptive evolution.,2019,Nathan,Y,Y,genetic,Spartina,plant,2?,250,11,29,34,"microsatellite, chloroplast sequence?",NA,NA,Y,Y,Y,Y,https://doi.org/10.5061/dryad.t384224,They found that a hybrid swarm had formed in China and that the hybrids had a competitive advantage over the native species.,"I am not sure if the chloroplast part counts as a marker, but they said they used the trnT‐trnF chloroplast region.  Further, the authors concluded that the invasive varieties had multiple origins, so NSpecies = 2 may not be accurate, although an exact number is not given",
rangel16,Africanization of a ferel honey bee (Apis mellifera) population in South Texas: does a decade make a difference?,2016,Kayleigh,,,genetic,Apis,insect,2,,12,89?,25,"mtDNA, microsatellite",,,Y,Y,N,N,,,"They sampled from 89 tree colonies all within a 6.25 km2 radius, would each tree be considered its own sample location?",
rangel16,Africanization of a ferel honey bee (Apis mellifera) population in South Texas: does a decade make a difference?,2016,Nathan,Y,Y,genetic,Apis,insect,2,28 (+ 93 for ref),12,28 trees in 1 park (+ 93 trees across 2 other parks for ref),"23 (africanized bees entered USA in 1990, population was sampled in 2013)","mtDNA, microsatellite",NA,NA,Y,? (they were introduced to Brazil and then spread to the USA on their own. Not sure if this counts),N,N,,"They found evidence of a hybrid swarm or ""admixed swarm"" with low levels of european and high levels of african ancestry","Unclear what is considered a unique location.  Would it be tree or park?  Further, if they were introduced to South America and then spread naturally to this cite, is this still considered an intriduction?  The number of individuals also represents the number of colonies, since one bee was used from each colony.",
richards18,Don't throw out the sympatric speciation with the crater lake water: fine-scale investigation of introgression provides equivocal support for causal role of secondary gene flow in one of the clearest examples of sympatric speciation.,2018,Nathan,Y,,genetic,Oreochromine,fish,10 ,1-3 per species (total not given),whole genome,1,unclear,SNPs,NA,NA,N,N,N,Y,https://doi.org/10.5061/dryad.712kj7v,Found evidence to suggest an initial hybrid swarm in the lake led to the speciation of the present-day species as sampled in this study,They looked at 10 species in their focal lake and included a few other species from the surrounding systems as outgroups.  Their focal species are not the species that were involved in the hybrid swarm but rather the product of one,
richards18,Don't throw out the sympatric speciation with the crater lake water: fine-scale investigation of introgression provides equivocal support for causal role of secondary gene flow in one of the clearest examples of sympatric speciation.,2018,Amanda,Y,N,genetic,Oreochromine,fish,10,28 total (1-3 per species),whole genome,1,unclear,SNPs,NA,NA,N,N,N,Y,https://doi.org/10.5061/dryad.712kj7v,"This is another paper that state that their system may have FORMED from a hybrid swarm, but is not currently a hybrid swarm (they found low rates of introgression after secondary contact)",,
richards21,A vertebrate adaptive radiation is assembled from an ancient and disjunct spatiotemporal landscape.,2021,Nathan,Y,,"genetic, phenotypic, transcriptomics",Cyprinodon,fish,3,202,"4735 after filtering, 5.5 million total",39,unknown,SNPs,NA,NA,N,N,N,Y,https://doi.org/10.6078/D1C12S,They found support for the hybrid swarm hypothesis of adaptive radiation.,"This paper does not directly test or measure hybrid swarms, but simply looks at populations known to have hybridized",
richards21,A vertebrate adaptive radiation is assembled from an ancient and disjunct spatiotemporal landscape.,2021,Amanda,Y,N,"genetic, phenotypic, transcriptomic",Cyprinodon,fish,3,202,"5.5 million pre-filtering, 4735 post-filtering",39,unknown,SNPs,NA,NA,N,N,N,Y,https://doi.org/10.6078/D1C12S,The authors show that this group of fish has evolved from a 'hybrid swarm' -- they aren't currently being described as one,,
rosenfield03,"Sexual selection promotes hybridization between Pecos pupfish, Cyprinodon pecosensis and sheepshead minnow, C. variegatus.",2003,Teaghan,,,Behavioural,Cyprinodon,fish,2,518,N/A,6,40,N/A,,,Y,Y,Y,N,doi:10.1046/j.1420-9101.2003.00557.x,,This study did not seem to have any genetic data in my opinion,
rosenfield03,"Sexual selection promotes hybridization between Pecos pupfish, Cyprinodon pecosensis and sheepshead minnow, C. variegatus.",2003,Nathan,Y,Y,"phenotypic, behavioural",Cyprinodon,fish,2,,NA,6,crossed in lab,NA,F1,NA,Y,Y,Y,N,,Created a hybrid swarm to test how sexual selection is leading to hybridization,,
rosenfield04,The Role of Hybrid Vigor in the Replacement of Pecos Pupfish by Its Hybrids with Sheepshead Minnow,2004,Amanda,,,"phenotypic, genetic, behavioural",Cyprinodon,fish,2,518,,6,~40,mtDNA,,,Y,Y,Y,N,,,"It stated that the parentals can be discerned with mtDNA markers, but I think they only used phenotypic differences for this study",
rosenfield04,The Role of Hybrid Vigor in the Replacement of Pecos Pupfish by Its Hybrids with Sheepshead Minnow,2004,Nathan,Y,Y,"phenotypic, genetic, behavioural",Cyprinodon,fish,2,,NA,6,since early 1980s,mtDNA,F1,F1,Y,Y,Y,N,,Bred hybrids with two species known to hybridize in the wild to test hybrid vigor,,
ruegg08,"Genetic, morphological, and ecological characterization of a hybrid zone that spans a migratory divide.",2008,Nathan,Y,,"genetic, phenotypic",Catharus,bird,1 (2 subspecies),460,15,29,NA,"mtDNA, AFLP, RFLP",at least F1,F1+,N,N,N,N,,The author determined that a hybrid swarm is not present in the hybrid zone between their focal subspecies.,,
ruegg08,"Genetic, morphological, and ecological characterization of a hybrid zone that spans a migratory divide.",2008,Amanda,Y,N,"genetic, phenotypic",Catharus,bird,2 (2 subspecies),460,15,29,NA,"mtDNA, AFLP, RFLP",at least F2,F1+,N,N,N,N,,"This hybrid zone was described as NOT being a hybrid swam. The genomic cline was very steep, and few hybrids were found. However, backcrosses were present, and many studies seem to have described the presence of any backcrosses as a hybrid swarm. The term was once again uncited. Interestingly, they said that any BC2s and beyond were classified as parentals, likely because of low power for detecting hybrids. But that means individuals that may have had around 0.75 of one ancestry source were considered parentals, which is a little too generous, in my opinion. ",,
ruhsam11,Early evolution in a hybrid swarm between outcrossing and selfing lineages in Geum.,2011,Nathan,Y,,genetic,Geum,plant,2,109,154,23,NA,"AFLP, cpDNA","F1, no F2",F1,N,N,N,N,,Used a known hybrid swarm to determine how evolution occurs through hybridization between outcrossing and selfing lineages,,
ruhsam11,Early evolution in a hybrid swarm between outcrossing and selfing lineages in Geum.,2011,Amanda,Y,Y,genetic,Geum,plant,2,177,202,23,NA,"AFLP, cpDNA",F1 only,BC1,N,N,N,N,,"The authors are very explicit that this system is a hybrid swarm, and cite some papers ""Hybrid swarms are frequent and have been recorded throughout the United Kingdom since the nineteenth century (Balfour, 1863; Marsden-Jones, 1930; Waldren et al., 1989)."" But these just give background on the 2 plant species hybridizing, not the term hybrid swarm. Essentially, we see only backcrosses and F1s in this system, not continual hybridization. ",,
ruhsam13,"Patterns of mating, generation of diversity, and fitness of offspring in a Geum hybrid swarm.",2013,Jill,Y,,"genetic, phenotypic",Geum,plant,2,30 maternal plants (plus seedlings),205 (3 & 202),1,since 19th century,"microsatellite, AFLPs",,,,,,N,,,Unclear how many individuals were actually involved in the study,
ruhsam13,"Patterns of mating, generation of diversity, and fitness of offspring in a Geum hybrid swarm.",2013,Nathan,Y,Y,"genetic, phenotypic",Geum,plant,2,"30 maternal plants, with 17-115 seeds per family)","205 (3 microsats, 202 AFLPs)",1,since 19th century,"AFLP, microsatellite",F1,F1,N,N,N,N,,Tested hybrid individuals from a known hybrid swarm for pollen fitness,A real Nind is not given,
sahlol20,Efficient Classification of White Blood Cell Leukemia with Improved Swarm Optimization of Deep Features.,2020,Nathan,N,,,,,,,,,,,,,,,,,,,,
sahlol20,Efficient Classification of White Blood Cell Leukemia with Improved Swarm Optimization of Deep Features.,2020,Jill,N,,,,,,,,,,,,,,,,,,,,
sarfati22,Chimera states among synchronous fireflies.,2022,Nathan,N,,,,,,,,,,,,,,,,,,,no reference to hybrid swarms,
sarfati22,Chimera states among synchronous fireflies.,2022,Jill,N,,,,,,,,,,,,,,,,,,,,
sarkar17,Global expression analysis of the response to microaerobiosis reveals an important cue for endophytic establishment of Azoarcus sp. BH72.,2017,Nathan,N,,,,,,,,,,,,,,,,,,,,
sarkar17,Global expression analysis of the response to microaerobiosis reveals an important cue for endophytic establishment of Azoarcus sp. BH72.,2007,Jill,N,,,,,,,,,,,,,,,,,,,,
schumer14,How common is homoploid hybrid speciation?,2014,Nathan,N,,,,,,,,,,,,,,,,,,,Uses term but not in the context of any specific species or primary study,
schumer14,How common is homoploid hybrid speciation?,2014,Amanda,Y,N,theoretical?,,,,,,,,,,,,,,,,"Uses describes hybrid swarms as a hybrid zone that both parentals are contributing to over a length of time, as opposed to a hybrid speciation event where the parentals hybridize once and then the hybrids continue to mate and proliferate without new hybrids being created. Doesn't describe any specific species, but I think this sort of context might be interesting to mention",,
schummer23,Population genetics and geographic origins of mallards harvested in northwestern Ohio.,2023,Amanda,,,genetic,Anas platyrhynchos,bird,1,296,22136,1,since early 20th century,SNP,F1-F3,Some,Y,Y,N,Y,https://www.ncbi.nlm.nih.gov/bioproject/PRJNA911314/,"They say 53% of inds are part of the hybrid swarm, by which they mean not ""pure"" inds or early gen hybrids (F1-F3s), so backcrosses",It seems like they're using 'hybrid swarm' as a subsitute for 'backcrosses' here,"they only sampled at one location (one general region with multiple sites within), but used stable isotopes to track down original breeding locations"
schummer23,Population genetics and geographic origins of mallards harvested in northwestern Ohio.,2023,Jill,Y,Y,genetic,Anas,bird,1,296,22136,1,since 1950s,SNP,,,Y,Y,N,Y,https://www.ncbi.nlm.nih.gov/bioproject/PRJNA911314/,,Multiple sampling sites within the Ottawa and Sandusky counties,
sharma19,C-HMOSHSSA: Gene selection for cancer classification using multi-objective meta-heuristic and machine learning methods.,2019,Nathan,N,,,,,,,,,,,,,,,,,,,,
sharma19,C-HMOSHSSA: Gene selection for cancer classification using multi-objective meta-heuristic and machine learning methods.,2019,Jill,N,,,,,,,,,,,,,,,,,,,,
sharma19b,An Effective Solution for Large Scale Single Machine Total Weighted Tardiness Problem using Lunar Cycle Inspired Artificial Bee Colony Algorithm.,2019,Nathan,N,,,,,,,,,,,,,,,,,,,,
sharma19b,An Effective Solution for Large Scale Single Machine Total Weighted Tardiness Problem using Lunar Cycle Inspired Artificial Bee Colony Algorithm.,2019,Jill,N,,,,,,,,,,,,,,,,,,,,
shin20,"Pseudarthrobacter psychrotolerans sp. nov., a cold-adapted bacterium isolated from Antarctic soil.",2020,Nathan,N,,,,,,,,,,,,,,,,,,,,
shin20,"Pseudarthrobacter psychrotolerans sp. nov., a cold-adapted bacterium isolated from Antarctic soil.",2020,Jill,N,,,,,,,,,,,,,,,,,,,,
slager20,Cryptic and extensive hybridization between ancient lineages of American crows,2020,Amanda,Y,Y,genetic,Corvus,bird,2,259,7292,17,"potentially up to 10,000, doesn't say specifically",SNP,,,Y,N,N,Y,https://doi.org/10.5061/dryad.rr4xgxd5f,,,
slager20,Cryptic and extensive hybridization between ancient lineages of American cows,2020,Kayleigh,,,genetic,Corvus,bird,2,259,7292,17,N/A,SNP,,,Y,N,N,Y,https://doi.org/10.5061/dryad.rr4xgxd5f ,,"They mention in this article a hypothesis that current modifications to land in more recent years may have removed habitat barriers for dispersal, creating more opportunity for hybridization. But they also speak about the geographical changes in landscape that allows these two populations to come into contact a long time ago. I'm not sure if I should consider this to be anthropogenic? ",
sokolovskis23,Migration direction in a songbird explainedby two loci,2023,Amanda,Y,Y,genetic,Phyllsocopus trochilus,bird,2,51,3,64,NA,SNPs and microsats,,,N,N,N,Y,https://doi.org/10.5061/dryad.stqjq2c6t,,The 2 species are actually subspecies,
sokolovskis23,Migration direction in a songbird explainedby two loci,2023,Nathan,Y,,genetic,Phylloscopus trochilus,bird,2,51,3,64,unclear,SNP,,,N,N,N,Y,https://doi.org/10.5061/dryad.stqjq2c6t,"They based this study on the assumption that a hybrid swarm exists in their focal species, but did not test for this directly.  Instead, they examined the migration patterns of hybrids and compared them to the trajectories of parental species.","""Species"" are subspecies and there were more individuals used which were not from ""migratory divide"" (references for migration direction)",
steeves10,Genetic analyses reveal hybridization but no hybrid swarm in one of the world’s rarest birds,2010,Teaghan,,,genetic,Himantopus,bird,2,182,8,N/A,~70,"Microsatellite, mtDNA",,,Y,Y,Y,Y,doi: 10.1111/j.1365-294X.2010.04895.x,,"Found no evidence of Introgression from kaki to poaka, which is uncommon when one of the species in the pair (kaki) is at risk",
steeves10,Genetic analyses reveal hybridization but no hybrid swarm in one of the world’s rarest birds,2010,Nathan,Y,N,genetic,Himantopus,bird,2,182,8,unclear (both wild and captive),"Potentially since the early 1800s but might have started later. ""at least 50 years, or approximately 15 generations""","Microsatellites, mtDNA",F1+,F1+,Y,N (see notes),Y,Y,"just figures and tables, seemingly no raw data and no doi","Found evidence to suggest these species do not make up a hybrid swarm, because of the limited levels of introgression between their focal species.","The poaka ""self-introduced"" from Australia, and their expansion through New Zealand is blamed on deforestation, which is why they said it was anthropogenic",
stemshorn11,Rapid formation of distinct hybrid lineages after secondary contact of two fish species (Cottus sp.).,2011,Nathan,Y,,genetic,Cottus,fish,2,604,81,30,200,SNPs,,,Y,N,Y,N,,Used an existing hybrid swarm to  analyze the invasion and expansion of the hybrids into new territories,,
stemshorn11,Rapid formation of distinct hybrid lineages after secondary contact of two fish species (Cottus sp.).,2011,Amanda,Y,Y,genetic,Cottus,fish,2,604,81,30,200,SNPs,Many,Many,Y,N,Y,N,,"The paper focuses on hybrids that have expanded into new areas of the river system, promoted by anthropogenic disturbance. They state that 3 hybrid lineages have formed where the hybrid populaitons are differentiating from one another and from the parentals, as they expand into the new environments. The authors state that the source of this was a hybrid swarm between the two species, that consisted of lots of backcrossing and produced many hybrid genotypes, which selection was able to act upon to allow the hybrids with the highest fitness to thrive in these new environments. So this is another case where hybrid swarm means a lot of backcrossing, not continual breeding between hybrids, as the latter is considered the formation of a hybrid lineage.",,
svardal20,Ancestral Hybridization Facilitated Species Diversification in the Lake Malawi Cichlid Fish Adaptive Radiation.,2020,Nathan,N,,,,,,,,,,,,,,,,,,,,
svardal20,Ancestral Hybridization Facilitated Species Diversification in the Lake Malawi Cichlid Fish Adaptive Radiation.,2020,Amanda,N,,,,,,,,,,,,,,,,,,The authors have hybrid swarm as a key term but don't mention it anywhere in the body of the paper,,
swarm19,Genetic dissection of domestication-related traits in soybean through genotyping-by-sequencing of two interspecific mapping populations.,2019,Nathan,N,,,,,,,,,,,,,,,,,,,,
swarm19,Genetic dissection of domestication-related traits in soybean through genotyping-by-sequencing of two interspecific mapping populations.,2019,Jill,N,,,,,,,,,,,,,,,,,,,,
taylor06,Speciation in reverse: morphological and genetic evidence of the collapse of a three-spined stickleback (Gasterosteus aculeatus) species pair.,2006,Nathan,Y,,"genetic, phenotypic",Gasterosteus,fish,2,1418,5,1,NA,microsatellites,F1,NA,N,N,Y,N,,Found that their two focal species had formed a hybrid swarm in their limited range,,
taylor06,Speciation in reverse: morphological and genetic evidence of the collapse of a three-spined stickleback (Gasterosteus aculeatus) species pair.,2006,Amanda,Y,Y,"genetic, phenotypic",Gasterosteus,fish,2,1418,5,1,NA,microsatellites,F1+,backcrossing present,N,N,Y,N,,"They directly describe their system as a hybrid swarm. However, they're unable to robustly detect generations of hybrids or backcrosses, and even whether there's actual hybridization going on, or just natural selection favouring an intermediate phenotype as environmental conditions have slightly changed over the years. ",,
tihon17,"Discovery and genomic analyses of hybridization between divergent lineages of Trypanosoma congolense, causative agent of Animal African Trypanosomiasis.",2017,Nathan,Y,,genetic,Trypanosoma,protozoa,1,56,?,10,unknown,SNP,F1+,F1+,N,N,N,Y,http://www.ebi.ac.uk/ena/data/view/PRJEB15251,They found evidence of a hybrid swarm with at least F1 hybrids and backcrosses (likely later gen as well) but found that all hybrids showed evidence of introgression with only one parental species,Looked at hybridization across populations rather than across species,
tihon17,"Discovery and genomic analyses of hybridization between divergent lineages of Trypanosoma congolense, causative agent of Animal African Trypanosomiasis.",2017,Amanda,Y,Y,genetic,Trypanosoma,protozoa,1,53,"299,305",12,unknown,SNP,F1+,multiple generations,N,N,N,Y,http://www.ebi.ac.uk/ena/data/view/PRJEB15252,"They actually define hybrid swarm!! ""Our observations suggest that hybrids in Zambia extended beyond the F1 generation and presented different degrees of introgression. Such populations are generally termed hybrid swarms, defined as a population consisting predominantly of hybrids arising from backcrossing with parental types and mating among hybrids (Glotzbecker, Walters, & Blum, 2016; Latch, Kierepka, Heffelfinger, & Rhodes, 2011).""",,
vandersluijs08,Female mating preference functions predict sexual selection against hybrids between sibling species of cichlid fish.,2008,Nathan,Y,,phenotypic,Pundamilia,fish,2,"83 for male colour analysis, 24 for female mate test",NA,1,unknown,NA,F1,NA,N,N,N,N,,They tested mating preferences to determine if sexual selection would promote or limit hybridization,,
vandersluijs08,Female mating preference functions predict sexual selection against hybrids between sibling species of cichlid fish.,2008,Amanda,Y,N,phenotypic,Pundamilia,fish,2,"84 for male colour analysis, 24 for female mate test",NA,1,unknown,NA,F1,None,N,N,N,N,,"The authors do not state that their system is a hybrid swarm, and state that essentially, their system is unlikely to ""collapse"" into a hybrid swarm because female sexual selection selects against intermediate hybrid phenotypes",,
wang17,Asian wild rice is a hybrid swarm with extensive gene flow and feralization from domesticated rice,2017,Amanda,,,genetic,Oryza,rice,2,638,60722,11,9000,SNP,,,Y,N,N,Y,http://www.genome.org/cgi/doi/10.1101/gr.204800.116,,There were only 2 parents species but many different varieties that were almost treated like different species,
wang17,Asian wild rice is a hybrid swarm with extensive gene flow and feralization from domesticated rice,2017,Nathan,Y,Y,genetic,Oryza,plant,2,638,60722,71,9000,SNP,NA,NA,Y,N,N,Y,http://genome.cshlp.org/content/suppl/2017/04/18/gr.204800.116.DC1,They found that wild and domesticated rice have hybridized extensively to form a hybrid swarm.,"Wild rice was collected from 11 countries, but domesticated rice was collected from 71",
wang21,Evolving Multiobjective Cancer Subtype Diagnosis From Cancer Gene Expression Data.,2021,Nathan,N,,,,,,,,,,,,,,,,,,,,
wang21,Evolving Multiobjective Cancer Subtype Diagnosis From Cancer Gene Expression Data.,2021,Jill,N,,,,,,,,,,,,,,,,,,,,
wang22,Neo-sex chromosome evolution shapes sex-dependent asymmetrical introgression barrier,2022,Amanda,N,N,genetic,Drosophila,fruit fly,2,447,unclear,1,62 generations (2 years ish i think),SNP,,,N,N,N,Y,ncbi.nlm.nih.gov/bioproject/PRJNA809000,,,
wang22,Neo-sex chromosome evolution shapes sex-dependent asymmetrical introgression barrier,2022,Jill,N,,genetic,Drosophila,insect,2,447,unclear,1 (lab reared),62 generations (in lab),SNP,,,N,N,N,Y,ncbi.nlm.nih.gov/bioproject/PRJNA809000,No clear connection to hybrid swarm project. Fruit flies were reared in the lab to better understand sex chromosomes as a barrier to introgression.,,
ward12,Discordant introgression in a rapidly expanding hybrid swarm,2012,Jill,Y,,"genetic, phenotypic",Cyprinella,fish,2,1171 (111 ref),7,31 (2 ref),mid to late 1990s,"mtDNA, microsatellite",,,Y,Y,Y,Y,doi:10.5061/dryad.3b2q4g1m,,,
ward12,Discordant introgression in a rapidly expanding hybrid swarm,2012,Nathan,Y,Y,"genetic, phenotypic",Cyprinella,fish,2,1060 + 111 ref,7,29 + 2 ref,1998 or earlier,"microsatellites, mtDNA-RFLP",F2+,F2+,Y,Y,Y,Y,doi:10.5061/dryad.3b2q4g1m.,"They took individual fishes from a known hybrid swarm to characterize the expansion and progression of the hybrid swarm, involving the two focal species",,
weller21,"Accurate, ultra-low coverage genome reconstruction and association studies in Hybrid Swarm mapping populations.",2021,Nathan,Y,,genetic,Drosophila,insect,1,"Unclear, see notes",5000,NA?,"<1, lab controlled",SNP,F5+,NA,Y,NA? Technically they were introduced to the lab..?,N,Y,https://doi.org/10.25387/g3.14096579,Created hybrid swarm populations in a lab for testing.,"Used both simulations and real (lab created) hybrid swarm pouplations with varying population sizes, I am not really sure what the Nind was in total",
weller21,"Accurate, ultra-low coverage genome reconstruction and association studies in Hybrid Swarm mapping populations.",2021,Amanda,N (see context),N,,,,,,,,,,,,,,,,,"The authors created a bioinformatics pipeline that generates whole genomes from low coverage sequence data, from inbred lab lines that have been outbred for a few generations. This database of the sequence data from the outbred lines is called Hybrid Swarm. I don't really understand why they called it Hybrid Swarm, if they're outbreeding the lines but maybe that's the hybrid part? I think it's mostly irrelevant to our review paper",,
wells19,"Persistence of an endangered native duck, feral mallards, and multiple hybrid swarms across the main Hawaiian Islands.",2019,Nathan,Y,,genetic,Anas,bird,2,425,3308,5,30-200 years,"ddRAD, mtDNA, SNP",F1+,F1+,Y,Y,Y,Y,https://doi.org/10.5061/dryad.ffbg79cqf,Found hybrid swarms between their focal species on numerous islands,Mallards were introduced 200 years ago but the koloa was extirpated from a few islands and reintroduced as recently as 30 years prior to the study.  Doesn't explicitly say how many generations past F1 exist but they did clearly say that some hybrids were obviously backcrossed much farther than F1,
wells19,"Persistence of an endangered native duck, feral mallards, and multiple hybrid swarms across the main Hawaiian Islands.",2019,Jill,Y,Y,genetic,Anas,bird,2,425,3308,5 (sampled from 5 islands of hawaii but also included samples from US and Canada),potentially since 1800s,"SNP, indels, mtDNA",F1+,backcrossing present,Y,Y,Y,Y,https://doi.org/10.5061/dryad.ffbg79cqf,"Defined hybrid swarm as ""all individuals sampled were of mixed koloa × mallard ancestry""",,
xue11,Radial and spiral stream formation in Proteus mirabilis colonies.,2011,Nathan,N,,,,,,,,,,,,,,,,,,,,
xue11,Radial and spiral stream formation in Proteus mirabilis colonies.,2011,Amanda,N,,,,,,,,,,,,,,,,,,,,
yan17,Asymmetrical natural hybridization varies among hybrid swarms between two diploid Rhododendron species,2017,Kayleigh,,,genetic,Rhododendron,plant,2,566,13,24,,microsatellite ,,,N,N,N,N,,,,
yan17,Asymmetrical natural hybridization varies among hybrid swarms between two diploid Rhododendron species,2017,Nathan,Y,Y,genetic,Rhododendron,plant,2,566,13,24,unclear,"microsatellite, cpDNA",2+,present but generation not specified,N,N,N,Y,https://academic.oup.com/aob,They used hybrid swarm populations to assess variability in hybrid population structure,Authors said that F2+ hybrids were too difficult to confidently assign to a generation ,
yan19,Incomplete reproductive isolation between Rhododendron taxa enables hybrid formation and persistence,2019,Nathan,Y,Y,phenotypic,Rhododendron,plant,2,"95 (unclear if ind's were used for more than one test, so sizes for each respective test were as follows: 20, 30, 30, 15)",N/A,1,unknown,N/A,"Unclear (I am not familiar with the format they used to show some variables, so I am not sure if they show it or not)",NA,N,N,N,N,,They selected their focal population based on the assumption that it represented a hybrid swarm including both parentals and their hybrids.  They were testing for the degree of reproductive isolation between the parents and their hybrids.,Sample size is not entirely clear.  Worth a second look,
yan19,Incomplete reproductive isolation between Rhododendron taxa enables hybrid formation and persistence,2019,Jill,Y,,phenotypic,Rhododendron,plant,2,"unclear, many different tests with varying amounts of samples used",NA,1,unclear,NA,unclear,unclear,N,N,N,N,,,,